<metadata xml:lang="en"><Esri><CreaDate>20121213</CreaDate><CreaTime>13021400</CreaTime><ArcGISFormat>1.0</ArcGISFormat><ArcGISstyle>ISO 19139 Metadata Implementation Specification</ArcGISstyle><SyncOnce>FALSE</SyncOnce><ModDate>20121214</ModDate><ModTime>15070300</ModTime><DataProperties><itemProps><itemName Sync="TRUE">GeologicUnitPolygons2_5M</itemName><imsContentType Sync="TRUE">002</imsContentType><nativeExtBox><westBL Sync="TRUE">112.912462</westBL><eastBL Sync="TRUE">153.640280</eastBL><southBL Sync="TRUE">-43.642477</southBL><northBL Sync="TRUE">-10.015988</northBL><exTypeCode Sync="TRUE">1</exTypeCode></nativeExtBox><relatedItems><item><itemName Sync="TRUE">GEOLOGY.GeologicUnitPolygonSpec2_5M</itemName><itemType Sync="TRUE">Relationship</itemType></item><item><itemName Sync="TRUE">GEOLOGY.GeologicUnitPolygonSpec2_5M</itemName><itemType Sync="TRUE">Relationship</itemType></item></relatedItems><itemLocation><linkage Sync="TRUE">file://\\nas\oemd\natmap\geology\final\Release2012\surfacegeology_2_5M\shapefiles\GeologicUnitPolygons2_5M.shp</linkage><protocol Sync="TRUE">Local Area Network</protocol></itemLocation><itemSize Sync="TRUE">14.719</itemSize></itemProps><coordRef><type Sync="TRUE">Geographic</type><geogcsn Sync="TRUE">GCS_GDA_1994</geogcsn><csUnits Sync="TRUE">Angular Unit: Degree (0.017453)</csUnits><peXml Sync="TRUE">&lt;GeographicCoordinateSystem xsi:type='typens:GeographicCoordinateSystem' xmlns:xsi='http://www.w3.org/2001/XMLSchema-instance' xmlns:xs='http://www.w3.org/2001/XMLSchema' xmlns:typens='http://www.esri.com/schemas/ArcGIS/10.0'&gt;&lt;WKT&gt;GEOGCS[&amp;quot;GCS_GDA_1994&amp;quot;,DATUM[&amp;quot;D_GDA_1994&amp;quot;,SPHEROID[&amp;quot;GRS_1980&amp;quot;,6378137.0,298.257222101]],PRIMEM[&amp;quot;Greenwich&amp;quot;,0.0],UNIT[&amp;quot;Degree&amp;quot;,0.0174532925199433],AUTHORITY[&amp;quot;EPSG&amp;quot;,4283]]&lt;/WKT&gt;&lt;XOrigin&gt;-399.99999999999989&lt;/XOrigin&gt;&lt;YOrigin&gt;-399.99999999999989&lt;/YOrigin&gt;&lt;XYScale&gt;11258999068426.24&lt;/XYScale&gt;&lt;ZOrigin&gt;-100000&lt;/ZOrigin&gt;&lt;ZScale&gt;10000&lt;/ZScale&gt;&lt;MOrigin&gt;-100000&lt;/MOrigin&gt;&lt;MScale&gt;10000&lt;/MScale&gt;&lt;XYTolerance&gt;8.9831528411952117e-009&lt;/XYTolerance&gt;&lt;ZTolerance&gt;0.001&lt;/ZTolerance&gt;&lt;MTolerance&gt;0.001&lt;/MTolerance&gt;&lt;HighPrecision&gt;true&lt;/HighPrecision&gt;&lt;LeftLongitude&gt;-180&lt;/LeftLongitude&gt;&lt;WKID&gt;4283&lt;/WKID&gt;&lt;/GeographicCoordinateSystem&gt;</peXml></coordRef><lineage><Process ToolSource="C:\Program Files\ArcGIS\Desktop10.0\ArcToolbox\Toolboxes\Data Management Tools.tbx\CopyFeatures" Date="20121214" Time="121917" Name="" export="">CopyFeatures "Database Connections\Connection to DISTTEST.sde\GEOLOGY.Geology2_5M\GEOLOGY.GeologicUnitPolygons2_5M" \\nas\oemd\natmap\geology\final\Release2012\surfacegeology_2_5M\shapefiles\GeologicUnitPolygons2_5M.shp # 0 0 0</Process></lineage></DataProperties><SyncDate>20121214</SyncDate><SyncTime>15065100</SyncTime><ArcGISProfile>ISO19139</ArcGISProfile></Esri><mdDateSt>20121213</mdDateSt><mdFileID>34d4c4fe-a391-46d3-b85b-aad98b4b90c9</mdFileID><mdStanName>ANZLIC Metadata Profile</mdStanName><mdStanVer>1.1</mdStanVer><dataIdInfo><idAbs>&lt;DIV STYLE="text-align:Left;"&gt;&lt;DIV&gt;&lt;DIV&gt;&lt;P&gt;&lt;SPAN&gt;The 1:2.5M scale geology of Australia data documents the distribution and age of major stratigraphic, intrusive and medium to high-grade metamorphic rock units of onshore Australia. This edition contains the same geological content as previous editions (ie, 2010 and earlier), but is structured according to Geoscience Australia's 2012 data standards. The data set was compiled to use at scales between 1:2,500,000 and 1:5,000,000 inclusive. The units distinguished/mapped mainly represent stratigraphic supergroups, regional intrusive associations and regional metamorphic complexes. Groupings of Precambrian units in the time-space diagram are generally separated by major time breaks; Phanerozoic units are grouped according to stratigraphic age i.e. System/Period. The time-space diagram has the added benefit that it provides a summary of units currently included on the themes. The method used to distinguish sedimentary and many volcanic units varies for each geological eon as follows: * Cenozoic units are morphological units which emphasise the relationship of the sedimentary fill to the landscape; * Mesozoic units are regionally extensive to continent-wide time-rock units which emphasise the System of Period(s); * Paleozoic units are stratotectonic units that emphasise either the dominant System or Period(s) or the range of Periods; * Proterozoic units are commonly regional stratotectonic units - separated by major time breaks and split into the Paleoproterozoic, Mesoproterozoic and Neoproterozoic Eras - which are generally unique to each cratonic region; and * Archean units are regional lithological units grouped into broad time divisions. Metamorphic units are lithological units which emphasise the metamorphic facies and timing of the last major metamorphic event. Igneous units are regional units which emphasise the dominant lithology and are grouped into broad time divisions.&lt;/SPAN&gt;&lt;/P&gt;&lt;/DIV&gt;&lt;/DIV&gt;&lt;/DIV&gt;</idAbs><idStatus><ProgCd value="001"/></idStatus><resMaint><maintFreq><MaintFreqCd value="009"/></maintFreq></resMaint><resConst><LegConsts><accessConsts><RestrictCd value="005"/></accessConsts><othConsts>© Commonwealth of Australia (Geoscience Australia) 2012.  This material is released under the Creative Commons Attribution 3.0 Australia Licence - http://creativecommons.org/licenses/by/3.0/au/</othConsts></LegConsts></resConst><envirDesc Sync="TRUE">Microsoft Windows XP Version 5.1 (Build 2600) Service Pack 3; ESRI ArcGIS 10.0.3.3600</envirDesc><dataLang><languageCode value="en" Sync="TRUE"/><countryCode value="AU" Sync="TRUE"/></dataLang><spatRpType><SpatRepTypCd value="001" Sync="TRUE"/></spatRpType><idCitation><resTitle>Surface Geology of Australia, 1:2 500 000 scale, 2012 edition - Geological Unit Polygons</resTitle><resAltTitle>GEOLOGY.GeologicUnitPolygons2_5M</resAltTitle><date><reviseDate>20121205</reviseDate></date><citRespParty><rpOrgName>Geoscience Australia - Minerals</rpOrgName><rpPosName>Director - Information Resources Section</rpPosName><rpCntInfo><cntPhone><voiceNum>1800 800 173</voiceNum><faxNum>(02) 6249 9999</faxNum></cntPhone><cntAddress><delPoint>GPO Box 378</delPoint><city>Canberra</city><adminArea>ACT</adminArea><postCode>2601</postCode><country>Australia</country><eMailAdd>sales@ga.gov.au</eMailAdd></cntAddress><cntOnlineRes><linkage>http://www.ga.gov.au/sales</linkage></cntOnlineRes></rpCntInfo><role><RoleCd value="002"/></role></citRespParty><presForm><PresFormCd value="005" Sync="TRUE"/></presForm></idCitation><idPoC><rpOrgName>Geoscience Australia - MNHD</rpOrgName><rpPosName>Divisional Information Manager - MNHD</rpPosName><rpCntInfo><cntPhone><voiceNum>1800 800 173</voiceNum><faxNum>(02) 6249 9999</faxNum></cntPhone><cntAddress><delPoint>GPO Box 378</delPoint><city>Canberra</city><adminArea>ACT</adminArea><postCode>2601</postCode><country>Australia</country><eMailAdd>sales@ga.gov.au</eMailAdd></cntAddress><cntOnlineRes><linkage>http://www.ga.gov.au/sales</linkage></cntOnlineRes></rpCntInfo><role><RoleCd value="007"/></role></idPoC><themeKeys><thesaName><resTitle>ANZLIC Search Words</resTitle><date><reviseDate>20080515</reviseDate></date><resEd>Version 2.1</resEd></thesaName><keyword>GEOSCIENCES</keyword><keyword>GEOSCIENCES-Geology</keyword></themeKeys><dataScale><equScale><rfDenom>2500000</rfDenom></equScale></dataScale><dataExt><geoEle><GeoBndBox esriExtentType="search"><exTypeCode Sync="TRUE">1</exTypeCode><westBL Sync="TRUE">112.912462</westBL><eastBL Sync="TRUE">153.640280</eastBL><northBL Sync="TRUE">-10.015988</northBL><southBL Sync="TRUE">-43.642477</southBL></GeoBndBox></geoEle></dataExt><tpCat><TopicCatCd value="008"/></tpCat></dataIdInfo><idinfo><citation><citeinfo><title>Surface Geology of Australia, 1:2 500 000 scale, 2012 edition - Geological Unit Polygons</title></citeinfo></citation></idinfo><mdLang><languageCode value="en" Sync="TRUE"/><countryCode value="AU" Sync="TRUE"/></mdLang><mdChar><CharSetCd value="004" Sync="TRUE"/></mdChar><mdHrLv><ScopeCd value="005" Sync="TRUE"/></mdHrLv><mdHrLvName Sync="TRUE">dataset</mdHrLvName><refSysInfo><RefSystem><refSysID><identCode code="4283" Sync="TRUE" value="4283"/><idCodeSpace Sync="TRUE">EPSG</idCodeSpace><idVersion Sync="TRUE">7.4.1</idVersion></refSysID></RefSystem></refSysInfo><spatRepInfo><VectSpatRep><geometObjs Name="GeologicUnitPolygons2_5M"><geoObjTyp><GeoObjTypCd value="002" Sync="TRUE"/></geoObjTyp><geoObjCnt Sync="TRUE">8343</geoObjCnt></geometObjs><topLvl><TopoLevCd value="001" Sync="TRUE"/></topLvl></VectSpatRep></spatRepInfo><spdoinfo><ptvctinf><esriterm><efeatyp Sync="TRUE">Simple</efeatyp><efeageom code="4" Sync="TRUE"/><esritopo Sync="TRUE">FALSE</esritopo><efeacnt Sync="TRUE">8343</efeacnt><spindex Sync="TRUE">TRUE</spindex><linrefer Sync="TRUE">FALSE</linrefer></esriterm></ptvctinf></spdoinfo><eainfo><detailed Name="GeologicUnitPolygons2_5M"><enttyp><enttypl Sync="TRUE">GeologicUnitPolygons2_5M</enttypl><enttypt Sync="TRUE">Feature Class</enttypt><enttypc Sync="TRUE">8343</enttypc></enttyp><attr><attrlabl Sync="TRUE">FID</attrlabl><attalias Sync="TRUE">FID</attalias><attrtype Sync="TRUE">OID</attrtype><attwidth Sync="TRUE">4</attwidth><atprecis Sync="TRUE">0</atprecis><attscale Sync="TRUE">0</attscale><attrdef Sync="TRUE">Internal feature number.</attrdef><attrdefs Sync="TRUE">ESRI</attrdefs><attrdomv><udom Sync="TRUE">Sequential unique whole numbers that are automatically generated.</udom></attrdomv></attr><attr><attrlabl Sync="TRUE">MAPSYMBOL</attrlabl><attalias Sync="TRUE">MAPSYMBOL</attalias><attrtype Sync="TRUE">String</attrtype><attwidth Sync="TRUE">20</attwidth><atprecis Sync="TRUE">0</atprecis><attscale Sync="TRUE">0</attscale></attr><attr><attrlabl Sync="TRUE">PLOTSYMBOL</attrlabl><attalias Sync="TRUE">PLOTSYMBOL</attalias><attrtype Sync="TRUE">String</attrtype><attwidth Sync="TRUE">8</attwidth><atprecis Sync="TRUE">0</atprecis><attscale Sync="TRUE">0</attscale></attr><attr><attrlabl Sync="TRUE">STRATNO</attrlabl><attalias Sync="TRUE">STRATNO</attalias><attrtype Sync="TRUE">Double</attrtype><attwidth Sync="TRUE">10</attwidth><atprecis Sync="TRUE">10</atprecis><attscale Sync="TRUE">0</attscale></attr><attr><attrlabl Sync="TRUE">NAME</attrlabl><attalias Sync="TRUE">NAME</attalias><attrtype Sync="TRUE">String</attrtype><attwidth Sync="TRUE">254</attwidth><atprecis Sync="TRUE">0</atprecis><attscale Sync="TRUE">0</attscale></attr><attr><attrlabl Sync="TRUE">DESCR</attrlabl><attalias Sync="TRUE">DESCR</attalias><attrtype Sync="TRUE">String</attrtype><attwidth Sync="TRUE">254</attwidth><atprecis Sync="TRUE">0</atprecis><attscale Sync="TRUE">0</attscale></attr><attr><attrlabl Sync="TRUE">TYPENAME</attrlabl><attalias Sync="TRUE">TYPENAME</attalias><attrtype Sync="TRUE">String</attrtype><attwidth Sync="TRUE">50</attwidth><atprecis Sync="TRUE">0</atprecis><attscale Sync="TRUE">0</attscale></attr><attr><attrlabl Sync="TRUE">TYPE_URI</attrlabl><attalias Sync="TRUE">TYPE_URI</attalias><attrtype Sync="TRUE">String</attrtype><attwidth Sync="TRUE">254</attwidth><atprecis Sync="TRUE">0</atprecis><attscale Sync="TRUE">0</attscale></attr><attr><attrlabl Sync="TRUE">GEOLHIST</attrlabl><attalias Sync="TRUE">GEOLHIST</attalias><attrtype Sync="TRUE">String</attrtype><attwidth Sync="TRUE">254</attwidth><atprecis Sync="TRUE">0</atprecis><attscale Sync="TRUE">0</attscale></attr><attr><attrlabl Sync="TRUE">REPAGE_URI</attrlabl><attalias Sync="TRUE">REPAGE_URI</attalias><attrtype Sync="TRUE">String</attrtype><attwidth Sync="TRUE">254</attwidth><atprecis Sync="TRUE">0</atprecis><attscale Sync="TRUE">0</attscale></attr><attr><attrlabl Sync="TRUE">YNGAGE_URI</attrlabl><attalias Sync="TRUE">YNGAGE_URI</attalias><attrtype Sync="TRUE">String</attrtype><attwidth Sync="TRUE">254</attwidth><atprecis Sync="TRUE">0</atprecis><attscale Sync="TRUE">0</attscale></attr><attr><attrlabl Sync="TRUE">OLDAGE_URI</attrlabl><attalias Sync="TRUE">OLDAGE_URI</attalias><attrtype Sync="TRUE">String</attrtype><attwidth Sync="TRUE">254</attwidth><atprecis Sync="TRUE">0</atprecis><attscale Sync="TRUE">0</attscale></attr><attr><attrlabl Sync="TRUE">LITHOLOGY</attrlabl><attalias Sync="TRUE">LITHOLOGY</attalias><attrtype Sync="TRUE">String</attrtype><attwidth Sync="TRUE">254</attwidth><atprecis Sync="TRUE">0</atprecis><attscale Sync="TRUE">0</attscale></attr><attr><attrlabl Sync="TRUE">MORPHOLOGY</attrlabl><attalias Sync="TRUE">MORPHOLOGY</attalias><attrtype Sync="TRUE">String</attrtype><attwidth Sync="TRUE">50</attwidth><atprecis Sync="TRUE">0</atprecis><attscale Sync="TRUE">0</attscale></attr><attr><attrlabl Sync="TRUE">REPLITH_UR</attrlabl><attalias Sync="TRUE">REPLITH_UR</attalias><attrtype Sync="TRUE">String</attrtype><attwidth Sync="TRUE">254</attwidth><atprecis Sync="TRUE">0</atprecis><attscale Sync="TRUE">0</attscale></attr><attr><attrlabl Sync="TRUE">OBSMETHOD</attrlabl><attalias Sync="TRUE">OBSMETHOD</attalias><attrtype Sync="TRUE">String</attrtype><attwidth Sync="TRUE">50</attwidth><atprecis Sync="TRUE">0</atprecis><attscale Sync="TRUE">0</attscale></attr><attr><attrlabl Sync="TRUE">CONFIDENCE</attrlabl><attalias Sync="TRUE">CONFIDENCE</attalias><attrtype Sync="TRUE">String</attrtype><attwidth Sync="TRUE">50</attwidth><atprecis Sync="TRUE">0</atprecis><attscale Sync="TRUE">0</attscale></attr><attr><attrlabl Sync="TRUE">SOURCE</attrlabl><attalias Sync="TRUE">SOURCE</attalias><attrtype Sync="TRUE">String</attrtype><attwidth Sync="TRUE">254</attwidth><atprecis Sync="TRUE">0</atprecis><attscale Sync="TRUE">0</attscale></attr><attr><attrlabl Sync="TRUE">METADATA</attrlabl><attalias Sync="TRUE">METADATA</attalias><attrtype Sync="TRUE">String</attrtype><attwidth Sync="TRUE">254</attwidth><atprecis Sync="TRUE">0</atprecis><attscale Sync="TRUE">0</attscale></attr><attr><attrlabl Sync="TRUE">FRAME</attrlabl><attalias Sync="TRUE">FRAME</attalias><attrtype Sync="TRUE">String</attrtype><attwidth Sync="TRUE">254</attwidth><atprecis Sync="TRUE">0</atprecis><attscale Sync="TRUE">0</attscale></attr><attr><attrlabl Sync="TRUE">RESSCALE</attrlabl><attalias Sync="TRUE">RESSCALE</attalias><attrtype Sync="TRUE">Double</attrtype><attwidth Sync="TRUE">10</attwidth><atprecis Sync="TRUE">10</atprecis><attscale Sync="TRUE">0</attscale></attr><attr><attrlabl Sync="TRUE">CAPTDATE</attrlabl><attalias Sync="TRUE">CAPTDATE</attalias><attrtype Sync="TRUE">Date</attrtype><attwidth Sync="TRUE">8</attwidth><atprecis Sync="TRUE">0</atprecis><attscale Sync="TRUE">0</attscale></attr><attr><attrlabl Sync="TRUE">MODDATE</attrlabl><attalias Sync="TRUE">MODDATE</attalias><attrtype Sync="TRUE">Date</attrtype><attwidth Sync="TRUE">8</attwidth><atprecis Sync="TRUE">0</atprecis><attscale Sync="TRUE">0</attscale></attr><attr><attrlabl Sync="TRUE">PLOTRANK</attrlabl><attalias Sync="TRUE">PLOTRANK</attalias><attrtype Sync="TRUE">Integer</attrtype><attwidth Sync="TRUE">5</attwidth><atprecis Sync="TRUE">5</atprecis><attscale Sync="TRUE">0</attscale></attr><attr><attrlabl Sync="TRUE">FEATUREID</attrlabl><attalias Sync="TRUE">FEATUREID</attalias><attrtype Sync="TRUE">String</attrtype><attwidth Sync="TRUE">254</attwidth><atprecis Sync="TRUE">0</atprecis><attscale Sync="TRUE">0</attscale></attr><attr><attrlabl Sync="TRUE">GEOLUNITID</attrlabl><attalias Sync="TRUE">GEOLUNITID</attalias><attrtype Sync="TRUE">String</attrtype><attwidth Sync="TRUE">254</attwidth><atprecis Sync="TRUE">0</atprecis><attscale Sync="TRUE">0</attscale></attr><attr><attrlabl Sync="TRUE">SHAPE</attrlabl><attalias Sync="TRUE">Shape</attalias><attrtype Sync="TRUE">Geometry</attrtype><attwidth Sync="TRUE">0</attwidth><atprecis Sync="TRUE">0</atprecis><attscale Sync="TRUE">0</attscale><attrdef Sync="TRUE">Feature geometry.</attrdef><attrdefs Sync="TRUE">ESRI</attrdefs><attrdomv><udom Sync="TRUE">Coordinates defining the features.</udom></attrdomv></attr><attr><attrlabl Sync="TRUE">SHAPE_AREA</attrlabl><attalias Sync="TRUE">SHAPE_AREA</attalias><attrtype Sync="TRUE">Double</attrtype><attwidth Sync="TRUE">19</attwidth><atprecis Sync="TRUE">0</atprecis><attscale Sync="TRUE">0</attscale><attrdef Sync="TRUE">Area of feature in internal units squared.</attrdef><attrdefs Sync="TRUE">ESRI</attrdefs><attrdomv><udom Sync="TRUE">Positive real numbers that are automatically generated.</udom></attrdomv></attr><attr><attrlabl Sync="TRUE">SHAPE_LEN</attrlabl><attalias Sync="TRUE">SHAPE_LEN</attalias><attrtype Sync="TRUE">Double</attrtype><attwidth Sync="TRUE">19</attwidth><atprecis Sync="TRUE">0</atprecis><attscale Sync="TRUE">0</attscale></attr></detailed></eainfo><mdContact><rpOrgName>Geoscience Australia - MNHD</rpOrgName><rpPosName>Divisional Information Manager - MNHD</rpPosName><rpCntInfo><cntPhone><voiceNum>1800 800 173</voiceNum><faxNum>(02) 6249 9999</faxNum></cntPhone><cntAddress><delPoint>GPO Box 378</delPoint><city>Canberra</city><adminArea>ACT</adminArea><postCode>2601</postCode><country>Australia</country><eMailAdd>sales@ga.gov.au</eMailAdd></cntAddress><cntOnlineRes><linkage>http://www.ga.gov.au/sales</linkage></cntOnlineRes></rpCntInfo><role><RoleCd value="007"/></role></mdContact><distInfo><distributor><distorCont><rpOrgName>Geoscience Australia</rpOrgName><rpPosName>Sales Office</rpPosName><rpCntInfo><cntPhone><voiceNum>+61 2 6249 9966</voiceNum><faxNum>+61 2 6249 9960</faxNum></cntPhone><cntAddress><delPoint>GPO Box 378</delPoint><city>Canberra</city><adminArea>ACT</adminArea><postCode>2601</postCode><country>Australia</country><eMailAdd>sales@ga.gov.au</eMailAdd></cntAddress><cntOnlineRes><linkage>http://www.ga.gov.au/sales/</linkage></cntOnlineRes></rpCntInfo><role><RoleCd value="005"/></role></distorCont><distorFormat><formatName>ArcGIS file geodatabase</formatName><formatVer>1</formatVer></distorFormat><distorFormat><formatName>ArcView shapefile</formatName><formatVer>1</formatVer></distorFormat><distorFormat><formatName>MapInfo TAB</formatName><formatVer>1</formatVer></distorFormat><distorTran><onLineSrc><linkage Sync="TRUE"/><orDesc>003</orDesc></onLineSrc></distorTran></distributor><distFormat><formatName Sync="TRUE">Shapefile</formatName></distFormat><distTranOps><transSize Sync="TRUE">14.719</transSize></distTranOps></distInfo><dqInfo><dataLineage><statement>The geological content of the 2012 edition of the 1:2.5M surface geology of Australia is the same as the previous 2010 edition (ANZLIC dataset ID = ANZCW0703013817), restructured to comply with 2012 Geoscience Australia and international data standards.  The original data was compiled from digital data, mainly at 1:2 500 000 scale, supplied by AGSO, GSWA, NTGS, PIRSA, GSQ, GSTAS, GSNSW and GSVIC and from data obtained from many other groups. In order to synthesise data from a variety of sources into a coherent product, the degree and nature of modification of the source data varied from case to case. Cenozoic and Mesozoic units were derived from sources, including the Cenozoic Paleogeographic Atlas of Australia (Landford et al., 1995), the Geology of Australia 1986 and a compilation of Cenozoic basins in the Alice Springs region by B.R. Senior et al. (AGSO Record 1994/66). The Phanerozoic units of southeastern Australia are substantially a modification of the 1:2 500 000 scale map entitled "Stratotectonic and Structural Elements of the Tasman Fold Belt System". The geology of Tasmania is a generalisation of data assembled as part of the TASGO project (a GSTAS and AGSO/AGCRC venture completed in 1997). The geology of South Australia is a highly generalised modification of the 1993 1:2 000 000 scale Geological Map of South Australia. For the Precambrian compilation, much of the geology of Western Australia has been derived from the Geological Map of Western Australia, 1988 with some modifications. The geology of the Kimberley, Halls Creek, Tanami and Arunta regions has been updated in line with recent mapping and some input from magnetic interpretation to emphasise relationships with the Tanami region. The geology of the Amadeus region has been generalised from the 1:1 000 000 scale "Structural Map of the Amadeus Basin" (Compiler A.J. Stewart). The geology of the Musgrave region has been re-compiled and simplified. The geology of North Queensland has been generalised by D. Palfreyman and D. Pillinger from the "North Qld Geology, 1997" 1:1 000 000 scale map (compilers J.H.C. Bain &amp; D. Haipola).</statement></dataLineage><report type="DQAbsExtPosAcc"><measResult><ConResult><conExpl>Nominal Scale 1:2,500,000

Variable accuracy depending on data source and on subjective generalisations made by the authors, but generally around 2km.

Some of the data comes from regions that have been well mapped and compiled at scales varying from 1:2 500 000 scale to 1:250 000 scale, while in other areas the data available was of a reconnaissance nature only. In some outback regions the only data source available was the 1976 BMR Geological Map of Australia at 1:2 500 000 scale.</conExpl><conPass>True</conPass></ConResult></measResult><measName>GA tests</measName><measDateTm>20000101</measDateTm></report><report type="DQNonQuanAttAcc"><measResult><ConResult><conExpl>Attributes are based on geoscientific information on source maps and in reports and research papers. As some information is the result of highly detailed recent mapping and some is taken from reconnaissance mapping several years old, attribute accuracy is highly variable.</conExpl><conPass>True</conPass></ConResult></measResult><measName>GA tests</measName><measDateTm>20000101</measDateTm></report><report type="DQConcConsis"><measResult><ConResult><conExpl>The extent to which Cenozoic cover is shown varies widely. In general, in regions dominated by Precambrian rocks, the bedrock distribution is emphasised, whereas in regions where Phanerozoic sedimentary rocks are present, the map more closely reflects the amount of Cenozoic cover present. Data has been checked visually and digitally using in-house routines and ESRI ArcGIS software. Every effort has been made to ensure that the accuracy and standards of the source data have been maintained. However, because of the nature of the generalisation in many regions, point data cannot be relied on to line up with polygon data.</conExpl><conPass>True</conPass></ConResult></measResult><measName>GA tests</measName><measDateTm>20000101</measDateTm></report><report type="DQCompOm"><measResult><ConResult><conExpl>The dataset is complete for intended use at between 1:5 000 000 and 1:2 500 000 scales.  To add to the completeness there is also a time chart of geological provinces/regions of Australia included.</conExpl><conPass>True</conPass></ConResult></measResult><measName>GA tests</measName><measDateTm>20000101</measDateTm></report><dqScope><scpLvl><ScopeCd value="005"/></scpLvl></dqScope></dqInfo></metadata>
