<metadata xml:lang="en"><Esri><CreaDate>20121214</CreaDate><CreaTime>13372900</CreaTime><ArcGISFormat>1.0</ArcGISFormat><ArcGISstyle>ISO 19139 Metadata Implementation Specification</ArcGISstyle><SyncOnce>FALSE</SyncOnce><DataProperties><itemProps><itemName Sync="TRUE">Terms2_5M</itemName><imsContentType Sync="TRUE">002</imsContentType><itemSize Sync="TRUE">1.339</itemSize><itemLocation><linkage Sync="TRUE">file://\\nas\oemd\natmap\geology\final\Release2012\surfacegeology_2_5M\shapefiles\Terms2_5M.dbf</linkage><protocol Sync="TRUE">Local Area Network</protocol></itemLocation></itemProps></DataProperties><SyncDate>20121214</SyncDate><SyncTime>13400100</SyncTime><ModDate>20121214</ModDate><ModTime>13400100</ModTime><ArcGISProfile>ISO19139</ArcGISProfile></Esri><mdContact><rpOrgName>Geoscience Australia - MNHD</rpOrgName><rpPosName>Divisional Information Manager - MNHD</rpPosName><rpCntInfo><cntPhone><voiceNum>1800 800 173</voiceNum><faxNum>(02) 6249 9999</faxNum></cntPhone><cntAddress><delPoint>GPO Box 378</delPoint><city>Canberra</city><adminArea>ACT</adminArea><postCode>2601</postCode><country>Australia</country><eMailAdd>sales@ga.gov.au</eMailAdd></cntAddress><cntOnlineRes><linkage>http://www.ga.gov.au/sales</linkage></cntOnlineRes></rpCntInfo><role><RoleCd value="007"/></role></mdContact><mdDateSt Sync="TRUE">20121214</mdDateSt><mdStanName>ANZLIC Metadata Profile</mdStanName><mdStanVer>1.1</mdStanVer><distInfo><distributor><distorCont><rpOrgName>Geoscience Australia</rpOrgName><rpPosName>Sales Office</rpPosName><rpCntInfo><cntPhone><voiceNum>+61 2 6249 9966</voiceNum><faxNum>+61 2 6249 9960</faxNum></cntPhone><cntAddress><delPoint>GPO Box 378</delPoint><city>Canberra</city><adminArea>ACT</adminArea><postCode>2601</postCode><country>Australia</country><eMailAdd>sales@ga.gov.au</eMailAdd></cntAddress><cntOnlineRes><linkage>http://www.ga.gov.au/sales/</linkage></cntOnlineRes></rpCntInfo><role><RoleCd value="005"/></role></distorCont><distorFormat><formatName>ArcGIS file geodatabase</formatName><formatVer>1</formatVer></distorFormat><distorTran><onLineSrc><orDesc>003</orDesc></onLineSrc></distorTran><distorFormat><formatName>dBase4 table</formatName><formatVer>1</formatVer></distorFormat></distributor><distFormat><formatName Sync="TRUE">dBASE Table</formatName></distFormat><distTranOps><transSize Sync="TRUE">1.339</transSize></distTranOps></distInfo><dataIdInfo><idAbs>&lt;DIV STYLE="text-align:Left;"&gt;&lt;DIV&gt;&lt;DIV&gt;&lt;P&gt;&lt;SPAN&gt;The 1:2.5M scale geology of Australia data documents the distribution and age of major stratigraphic, intrusive and medium to high-grade metamorphic rock units of onshore Australia. This edition contains the same geological content as previous editions (ie, 2010 and earlier), but is structured according to Geoscience Australia's 2012 data standards. The data set was compiled to use at scales between 1:2,500,000 and 1:5,000,000 inclusive. The units distinguished/mapped mainly represent stratigraphic supergroups, regional intrusive associations and regional metamorphic complexes. Groupings of Precambrian units in the time-space diagram are generally separated by major time breaks; Phanerozoic units are grouped according to stratigraphic age i.e. System/Period. The time-space diagram has the added benefit that it provides a summary of units currently included on the themes. The method used to distinguish sedimentary and many volcanic units varies for each geological eon as follows: * Cenozoic units are morphological units which emphasise the relationship of the sedimentary fill to the landscape; * Mesozoic units are regionally extensive to continent-wide time-rock units which emphasise the System of Period(s); * Paleozoic units are stratotectonic units that emphasise either the dominant System or Period(s) or the range of Periods; * Proterozoic units are commonly regional stratotectonic units - separated by major time breaks and split into the Paleoproterozoic, Mesoproterozoic and Neoproterozoic Eras - which are generally unique to each cratonic region; and * Archean units are regional lithological units grouped into broad time divisions. Metamorphic units are lithological units which emphasise the metamorphic facies and timing of the last major metamorphic event. Igneous units are regional units which emphasise the dominant lithology and are grouped into broad time divisions.&lt;/SPAN&gt;&lt;/P&gt;&lt;/DIV&gt;&lt;/DIV&gt;&lt;/DIV&gt;</idAbs><idStatus><ProgCd value="001"/></idStatus><resMaint><maintFreq><MaintFreqCd value="009"/></maintFreq></resMaint><resConst><LegConsts><accessConsts><RestrictCd value="005"/></accessConsts><othConsts>© Commonwealth of Australia (Geoscience Australia) 2012.  This material is released under the Creative Commons Attribution 3.0 Australia Licence - http://creativecommons.org/licenses/by/3.0/au/</othConsts></LegConsts></resConst><idCitation><resAltTitle>GEOLOGY.Terms2_5M</resAltTitle><citRespParty><rpOrgName>Geoscience Australia - Minerals</rpOrgName><rpPosName>Director - Information Resources Section</rpPosName><rpCntInfo><cntPhone><voiceNum>1800 800 173</voiceNum><faxNum>(02) 6249 9999</faxNum></cntPhone><cntAddress><delPoint>GPO Box 378</delPoint><city>Canberra</city><adminArea>ACT</adminArea><postCode>2601</postCode><country>Australia</country><eMailAdd>sales@ga.gov.au</eMailAdd></cntAddress><cntOnlineRes><linkage>http://www.ga.gov.au/sales</linkage></cntOnlineRes></rpCntInfo><role><RoleCd value="002"/></role></citRespParty><resTitle Sync="FALSE">Surface Geology of Australia, 1:2 500 000 scale, 2012 edition - Controlled Terms</resTitle><presForm><PresFormCd value="011" Sync="TRUE"/></presForm></idCitation><idPoC><rpOrgName>Geoscience Australia - MNHD</rpOrgName><rpPosName>Divisional Information Manager - MNHD</rpPosName><rpCntInfo><cntPhone><voiceNum>1800 800 173</voiceNum><faxNum>(02) 6249 9999</faxNum></cntPhone><cntAddress><delPoint>GPO Box 378</delPoint><city>Canberra</city><adminArea>ACT</adminArea><postCode>2601</postCode><country>Australia</country><eMailAdd>sales@ga.gov.au</eMailAdd></cntAddress><cntOnlineRes><linkage>http://www.ga.gov.au/sales</linkage></cntOnlineRes></rpCntInfo><role><RoleCd value="007"/></role></idPoC><themeKeys><thesaName><resTitle>ANZLIC Search Words</resTitle><date><reviseDate>20080515</reviseDate></date><resEd>Version 2.1</resEd></thesaName><keyword>GEOSCIENCES</keyword><keyword>GEOSCIENCES-Geology</keyword></themeKeys><dataScale><equScale><rfDenom>2500000</rfDenom></equScale></dataScale><envirDesc Sync="TRUE">Microsoft Windows XP Version 5.1 (Build 2600) Service Pack 3; ESRI ArcGIS 10.0.3.3600</envirDesc><dataLang><languageCode value="en" Sync="TRUE"/><countryCode value="AU" Sync="TRUE"/></dataLang><spatRpType><SpatRepTypCd value="003" Sync="TRUE"></SpatRepTypCd></spatRpType></dataIdInfo><dqInfo><dataLineage><statement>The geological content of the 2012 edition of the 1:2.5M surface geology of Australia is the same as the previous 2010 edition (ANZLIC dataset ID = ANZCW0703013817), restructured to comply with 2012 Geoscience Australia and international data standards.  The original data was compiled from digital data, mainly at 1:2 500 000 scale, supplied by AGSO, GSWA, NTGS, PIRSA, GSQ, GSTAS, GSNSW and GSVIC and from data obtained from many other groups. In order to synthesise data from a variety of sources into a coherent product, the degree and nature of modification of the source data varied from case to case. Cenozoic and Mesozoic units were derived from sources, including the Cenozoic Paleogeographic Atlas of Australia (Landford et al., 1995), the Geology of Australia 1986 and a compilation of Cenozoic basins in the Alice Springs region by B.R. Senior et al. (AGSO Record 1994/66). The Phanerozoic units of southeastern Australia are substantially a modification of the 1:2 500 000 scale map entitled "Stratotectonic and Structural Elements of the Tasman Fold Belt System". The geology of Tasmania is a generalisation of data assembled as part of the TASGO project (a GSTAS and AGSO/AGCRC venture completed in 1997). The geology of South Australia is a highly generalised modification of the 1993 1:2 000 000 scale Geological Map of South Australia. For the Precambrian compilation, much of the geology of Western Australia has been derived from the Geological Map of Western Australia, 1988 with some modifications. The geology of the Kimberley, Halls Creek, Tanami and Arunta regions has been updated in line with recent mapping and some input from magnetic interpretation to emphasise relationships with the Tanami region. The geology of the Amadeus region has been generalised from the 1:1 000 000 scale "Structural Map of the Amadeus Basin" (Compiler A.J. Stewart). The geology of the Musgrave region has been re-compiled and simplified. The geology of North Queensland has been generalised by D. Palfreyman and D. Pillinger from the "North Qld Geology, 1997" 1:1 000 000 scale map (compilers J.H.C. Bain &amp; D. Haipola).</statement></dataLineage><dqScope><scpLvl><ScopeCd value="005"/></scpLvl></dqScope></dqInfo><eainfo><detailed Name="Terms2_5M"><enttyp><enttypl Sync="TRUE">Terms2_5M</enttypl><enttypt Sync="TRUE">Table</enttypt><enttypc Sync="TRUE">973</enttypc></enttyp><attr><attrlabl Sync="TRUE">OID</attrlabl><attalias Sync="TRUE">OID</attalias><attrtype Sync="TRUE">OID</attrtype><attwidth Sync="TRUE">4</attwidth><atprecis Sync="TRUE">0</atprecis><attscale Sync="TRUE">0</attscale><attrdef Sync="TRUE">Internal feature number.</attrdef><attrdefs Sync="TRUE">ESRI</attrdefs><attrdomv><udom Sync="TRUE">Sequential unique whole numbers that are automatically generated.</udom></attrdomv></attr><attr><attrlabl Sync="TRUE">GEODB_OID</attrlabl><attalias Sync="TRUE">GEODB_OID</attalias><attrtype Sync="TRUE">Double</attrtype><attwidth Sync="TRUE">11</attwidth><atprecis Sync="TRUE">11</atprecis><attscale Sync="TRUE">0</attscale></attr><attr><attrlabl Sync="TRUE">OBJECTID</attrlabl><attalias Sync="TRUE">OBJECTID</attalias><attrtype Sync="TRUE">Double</attrtype><attwidth Sync="TRUE">11</attwidth><atprecis Sync="TRUE">11</atprecis><attscale Sync="TRUE">0</attscale><attrdef Sync="TRUE">Internal feature number.</attrdef><attrdefs Sync="TRUE">ESRI</attrdefs><attrdomv><udom Sync="TRUE">Sequential unique whole numbers that are automatically generated.</udom></attrdomv></attr><attr><attrlabl Sync="TRUE">DOMAIN</attrlabl><attalias Sync="TRUE">DOMAIN</attalias><attrtype Sync="TRUE">String</attrtype><attwidth Sync="TRUE">50</attwidth><atprecis Sync="TRUE">0</atprecis><attscale Sync="TRUE">0</attscale></attr><attr><attrlabl Sync="TRUE">QUALIFIER</attrlabl><attalias Sync="TRUE">QUALIFIER</attalias><attrtype Sync="TRUE">String</attrtype><attwidth Sync="TRUE">50</attwidth><atprecis Sync="TRUE">0</atprecis><attscale Sync="TRUE">0</attscale></attr><attr><attrlabl Sync="TRUE">CODE</attrlabl><attalias Sync="TRUE">CODE</attalias><attrtype Sync="TRUE">String</attrtype><attwidth Sync="TRUE">50</attwidth><atprecis Sync="TRUE">0</atprecis><attscale Sync="TRUE">0</attscale></attr><attr><attrlabl Sync="TRUE">LABEL</attrlabl><attalias Sync="TRUE">LABEL</attalias><attrtype Sync="TRUE">String</attrtype><attwidth Sync="TRUE">254</attwidth><atprecis Sync="TRUE">0</atprecis><attscale Sync="TRUE">0</attscale></attr><attr><attrlabl Sync="TRUE">CGI_LABEL</attrlabl><attalias Sync="TRUE">CGI_LABEL</attalias><attrtype Sync="TRUE">String</attrtype><attwidth Sync="TRUE">254</attwidth><atprecis Sync="TRUE">0</atprecis><attscale Sync="TRUE">0</attscale></attr><attr><attrlabl Sync="TRUE">DESCR</attrlabl><attalias Sync="TRUE">DESCR</attalias><attrtype Sync="TRUE">String</attrtype><attwidth Sync="TRUE">254</attwidth><atprecis Sync="TRUE">0</atprecis><attscale Sync="TRUE">0</attscale></attr><attr><attrlabl Sync="TRUE">URI</attrlabl><attalias Sync="TRUE">URI</attalias><attrtype Sync="TRUE">String</attrtype><attwidth Sync="TRUE">254</attwidth><atprecis Sync="TRUE">0</atprecis><attscale Sync="TRUE">0</attscale></attr><attr><attrlabl Sync="TRUE">SOURCE</attrlabl><attalias Sync="TRUE">SOURCE</attalias><attrtype Sync="TRUE">String</attrtype><attwidth Sync="TRUE">254</attwidth><atprecis Sync="TRUE">0</atprecis><attscale Sync="TRUE">0</attscale></attr></detailed></eainfo><mdLang><languageCode value="en" Sync="TRUE"/><countryCode value="AU" Sync="TRUE"/></mdLang><mdHrLv><ScopeCd value="007" Sync="TRUE"/></mdHrLv><mdHrLvName Sync="TRUE">dataset</mdHrLvName></metadata>
